Nombre,Destacado,Publicado
ABANTEK SAC,Sí,Sí
ABC LOGISTICA SAC,No,Sí
ACUA TERRA S.A.C,No,Sí
ADN PERU EIRL,No,Sí
AGFA GEVAERT LIMITADA SUCURSAL DEL PERU,No,Sí
AGRO AVICOLA SAN JOSE S.A.C.,No,Sí
AGRO GESTION S.A.C.,No,Sí
AGROEXPORTACIONES NOR PERU S.A.C,No,Sí
ALASKA INTERNACIONAL S A,No,Sí
ALBIS S.A.,No,Sí
ALE IMPOSER E I R L,No,Sí
ALEJANDRO GALVEZ SEMPERTEGUI,No,Sí
ALEPH IMPRESIONES S R L,No,Sí
ALFONSO ALBERTO VASQUEZ OBLITAS,No,Sí
ALMASENES SNATA CLARA S.A,No,Sí
ANALISIS CLINICOS ML S.A.C.,No,Sí
ANTARES ADUANAS S.A.C,No,Sí
ARIES COMERCIAL SAC,No,Sí
ARKIN SOFTWARE TECHNOLOGIES S C R L,No,Sí
ARMSTRONG SRL,No,Sí
ASBRA SOLUCIONES LOGISTICAS SAC,No,Sí
ASOCIACION CULTURAL CRISTIANA DE LIDERAZGO,No,Sí
ASOCIACION DE EXPORTADORES,No,Sí
ASOCIACION DE PRODUCTORES DE CITRICOS DEL PERU,No,Sí
ASOCIACION EDUCATIVA LA FONTANA,No,Sí
ASOCIACION IGLESIA ADVENTISTA DEL SEPTIMO DIA PERUANA DEL NORTE,No,Sí
ASOCIACION ORQUESTAS INFANTILES Y JUVENILES DEL PERU,No,Sí
ASOCIASION CULTURAL LATINO AMERICANA,No,Sí
ASWAN TRADING CORP S.A.C,No,Sí
AUTOSERVICIOS LOS PORTALES S.A.C.,No,Sí
B & S LABEL COMPANY S A C,No,Sí
BABARIA PERU SAC,No,Sí
BANCO DE CREDITO DEL PERU,No,Sí
BDO CONSULTING SAC,No,Sí
BECERRA DELGADO AUBER,No,Sí
BECERRA PUENTE ARNAO ARQUITECTOS SAC,No,Sí
BELMAY S.-A.C.,No,Sí
BELTEC S.R.L,No,Sí
BEST BUSINESS SAC,No,Sí
BIOGROW PERU S.A.C.,No,Sí
BOSS-TECH S.A.C.,No,Sí
BOTICA FRANCESA S.A.C.,No,Sí
BPO & MKT CORPORATION S.R.L,No,Sí
BUSINES COMPANY SAC,No,Sí
C R J CONSTRUCTORES S.A.C,No,Sí
CAFETALERA AMAZONICA S.A.C.,No,Sí
CAMPOS ABOGADOS EN INFRAESTRUCTURA SAC,No,Sí
CARLOS RAFAEL HUGAZ HURTADO,No,Sí
CARRIER SERVICE S.A,No,Sí
CEGNE CLARETIANO,No,Sí
CENTRO DE DIALISIS SANTA ROSA S.A.C.,No,Sí
CENTRO NACIONAL DE SERVICIOS SAC,No,Sí
CEPEA S A,No,Sí
CG SERVICIOS ELECTRICOS S.A.C,No,Sí
CHACON CONTRATISTAS GENERALES S.A,No,Sí
CHRISTIAN PAUL CORREA POZO,No,Sí
CJCA SOLUCIONES SAC,No,Sí
CLOUD IT PERU S.A.C.,No,Sí
COBENCO S.A.C,No,Sí
COLEGIOS PERUANOS S.A.,No,Sí
COMERCIAL SERVICE VILMA,No,Sí
COMPUTO Y PERIFERICOS S.A.C,No,Sí
CONCESIONARIA VIAL DEL PERU DEL PERU S.A,No,Sí
CONSORCIO LA CHIRA CHORRILLOS,No,Sí
CONSORCIO NIPPON KOEI - NIPPON KOEI LAC - ADERCONS,No,Sí
CONSORCIO NKLAC-NK,No,Sí
CONSORCIO NUEVA LIMA,No,Sí
CONSTRUCTORA AUTRAL SAC,No,Sí
CONSULTORIA Y GESTION DE NEGOCIOS E INVERSIONES EIRL,No,Sí
CONTROL Z S A C,No,Sí
COOPERAZIONE INTERNAZIONALE,No,Sí
COORPORACION EDUCATIVA INTERNACIONAL ABA SAC,No,Sí
COPITO FROZEN SAC,No,Sí
CORPORACION BIOMEDICA PERUANA SAC,No,Sí
CORPORACION DE INVERSIONES COMERCIALES SAC,No,Sí
CORPORACION DE SOLUCIONES ALIMENTARIAS S.A.C.,No,Sí
CORPORACION GANADERA S.A.,No,Sí
CORPORACION GRAFICA UNIVERSAL SAC,No,Sí
CORPORACION GUILLEN S.A.C.,No,Sí
CORPORACION INMOBILIARIA DE PROYECTOS SAC,No,Sí
CORPORACION MAC COURRIERSAC,No,Sí
CORPORACION MIG S A C,No,Sí
CORPORACION PRESTIGIO SAC,No,Sí
CORPORACION ZOLLA S.A.C.,No,Sí
CORPSA E.I.R.L,No,Sí
COSANDES INVERSIONES S.A.C.,No,Sí
CRISOL COMERCIAL PERU S A C,No,Sí
CROS LOGISTICS S.A.C,No,Sí
CUSTOMERS PUBLICIDAD Y MARKETING EIRL,No,Sí
DE SOUZA FERREYRA CONSULTING S.A.C,No,Sí
DECORPLAS S.A,No,Sí
DEKO-R-TE SAC,No,Sí
DELUXE HOUSE,No,Sí
DESSAU INTERNACIONAL INC SUCURSAL DEL PERU,No,Sí
DESSAU S & Z S A,No,Sí
DOÑA ELSA S.C.R.L,No,Sí
E & M PROYECTOS INDUSTRIALES S.A.C.,No,Sí
ECONOGAS SR LTDA,No,Sí
EDGARD ALBERTO GALVEZ ARCONDO,No,Sí
EDGARDO ARTURO BAYONA ODAR,No,Sí
EDICION Y COLOR SAC,No,Sí
EDITORIAL SEPTIEMBRE S.A.C.,No,Sí
ELEMSIN E.I.R.L.,No,Sí
EMANUEL AUGUSTO YARLAQUE PRIETO,No,Sí
EMP.DE S.MUL.ENRRIQUE DIAZ ZEBALLOS EIRL,No,Sí
EMPRESA CONSTRUCTORA ARC SRL,No,Sí
EMPRESA EDITORA EL COMERCIO S.A,No,Sí
ENTORNOSENSIBLE SAC,No,Sí
ENVIRONMENTAL TESTING LABORATORY S.A.C,No,Sí
EQUIPOS GASTRONOMICOS DEL PERU SAC,No,Sí
ESPRESSAMENTE PRODUCCIONES B.T.L S.A.C,No,Sí
ESSALUD,No,Sí
EUROLABS PERU S.A.C.,No,Sí
EXCELENCIA EN IMPRESIONES Y SOBRES S.A.C,No,Sí
EXPLORACIONES COLLASUYO SAC,No,Sí
FARCOM CONTRATISTAS SAC,No,Sí
FATIMA CIESA S R L,No,Sí
FENICE LATINA SAC,No,Sí
FERIA INTERNACIONAL DEL PACIFICO S.A,No,Sí
FIERROS E INSUMOS S.A.C,No,Sí
FIERROS LINO S.A,No,Sí
FK CONSULTING AND CONSTRUCTION S.A.C,No,Sí
FOWLING S.A.C,No,Sí
FRANCIA VIRGINIA DIAZ BOLOGNESI,No,Sí
FUNDACION TELETON SAN JUAN DE DIOS,No,Sí
FUNDO LA PAMPA S.A,No,Sí
FUTURA MEDICA ODONTOLOGICA S.A.C,No,Sí
G & S CONSORCIO E INVERSIONES GENERALES S.A.C,No,Sí
G S M TRANSPORTE Y LOGISTICA E.I.R.L,No,Sí
GEN LAB DEL PERU SAC,No,Sí
GENZYME DEL PERU S.A.C.,No,Sí
GERARDO PATIÑO EGOAVIL,No,Sí
GESHER PERU S R L,No,Sí
GLENCORP S.A.C.,No,Sí
GOAL MARKETING SAC,No,Sí
GRAMBS CORPORACION GRAFICA SAC,No,Sí
GRUPO DE CAPACITACION PUBLICA SAC,No,Sí
GRUPO LA REPUBLICA PUBLICACIONES S.A,No,Sí
GRUPO O'CONNOR S.A.,No,Sí
GRUPO PERIFERIA S.A.C,No,Sí
GRUPO QUIMA SERVICIOS GRAFICOS SAC,No,Sí
GRUPO TRANSFER PERU S.A.C.,No,Sí
HANA FLOWERS SAC,No,Sí
HANS CHACON GLOVAL CARGO S A C,No,Sí
HHDP S.A.C.,No,Sí
HIPERATOS S.A.C.,No,Sí
HOME & OFFICE SAC,No,Sí
HOTEL PACIFICO S.R.L,No,Sí
HOTELES ESTELAR DEL PERU S.A.C.,No,Sí
HUANCA CRUZ S.A.C.,No,Sí
HUASCARAN S.A.C,No,Sí
IDEA 2 GROUP S.A.C.,No,Sí
IESTP DANIEL ALCIDES CARRION S.A.C.,No,Sí
IESTP NORBERT WIENER S A C,No,Sí
IGLESIA ADVENTISTA DEL SEPTIMO DIA,No,Sí
IHEALTH S.A.C.,No,Sí
IMASEN S.A.C,No,Sí
IMEXVET S.A.C.,No,Sí
IMPORTACIONES MOBILIARIAS TRES S.A.C.,No,Sí
IMPORTADORA Y EXPORTADORA LAS AMERICAS SAC,No,Sí
IMPRESION Y SOLUCIONES TI S.A.C.,No,Sí
INDUSTRIA DE MUEBLES CATALAN E.I.R.L,No,Sí
INDUSTRIA STRONG STEEL S.A.C.,No,Sí
INDUSTRIAL INSPECTION SERVICES SAC,No,Sí
INDUSTRIAS CIENTIFICAS S R L,No,Sí
INDUSTRIAS DEL CALZADO SEMPERTEGUI S.C.R.L.,No,Sí
INGENIERIA DE LA INFORMATICA S.A,No,Sí
INGENIEROS EMETRES PERU S.A.C.,No,Sí
INGETECNIA S.A.C.,No,Sí
INMOBILIARIA CARDENAS S.A.C.,No,Sí
INMOBILIARIA MISKI S.A.C,No,Sí
INMOBILIARIA VIVIR SAC,No,Sí
INMOBILIARIO DE TURISMO S.A,No,Sí
INSTITUTO DEL MAR DEL PERU,No,Sí
INSTITUTO PAIS,No,Sí
INTEGRARQ S.A.C,No,Sí
INTERNATIONAL SERVICES PERU S.A.C.,No,Sí
INVERSIONES AUTOMOTRICES DEL PERU SAC,No,Sí
INVERSIONES CAPELLA SAC,No,Sí
INVERSIONES M 1 S.A.C,No,Sí
INVERSIONES OPTICAS S.A.C,No,Sí
INVERSIONES SERIVIAL S.A.C.,No,Sí
INVERSIONES TURISTICAS LOMBARDI SAC,No,Sí
INVERSIONES VIGO VENTURO S.A.C.,No,Sí
ISA PERU GROUP SOCIEDAD ANONIMA CERRADA,No,Sí
J Y E PETS S.A.C,No,Sí
J.MULTICAMPS S.A.C.,No,Sí
JAVIER ARTURO MARENGO ROMERO,No,Sí
JOEL BUSTAMANTE GALVEZ,No,Sí
JORGE GALVEZ SEMPERTEGUI,No,Sí
JORGE PEÑA S.A,No,Sí
JOSE ANTOñIO CUYA PONCE,No,Sí
KOREA KOMMERCE DEL PERU S.A.C.,Sí,Sí
KPA S.A.C,No,Sí
L H K SAC,No,Sí
LA BODEGUITA DEL MAR S.A.C.,No,Sí
LA CASA DEL PROBOX S.A.C.,No,Sí
LANCE GRAFICO S.A.C,No,Sí
LEALVA S.A.C.,No,Sí
LEGALIA S. A,No,Sí
LINDER DIGITAL S A C,No,Sí
LINDER REPRESENTACIONES S A,No,Sí
LOGISTICA ALESSANDRA E.I.R.L.,No,Sí
LOOK IMAGEN CORPORATIVA S.A.C,No,Sí
LOS PORTALES S.A,No,Sí
LOYALTY PERU S.A.C.,No,Sí
M N R S.A.C,No,Sí
M.G TRADING S.A.C,No,Sí
MANUFACTURA CALZADO MINI S.A.,No,Sí
MARINA MORA PRODUCTOS E I R L,No,Sí
MARQUEZ BELTRAN KARIN SUGERIN,No,Sí
MARTINEZ CERVANTES LUIS ENRIQUE,No,Sí
MASED REPRESENTACIONES S.A.C.,No,Sí
MASKAF E.I.R.L.,No,Sí
MAVEC RENTAL SERVICE E.I.R.L.,No,Sí
MAYORSA S.A.,No,Sí
MCCO INTERNATIONAL BUSINESS SAC,No,Sí
MEDICALTECH PERU S A C,No,Sí
MEDVIDA SALUD E.I.R.L.,No,Sí
MEGA TRAZO S.A.C,No,Sí
MERCADEANDO S.A,No,Sí
MERCADEO Y PROMOCIONES INTELIGENTES S.A.C.,No,Sí
MICHELL Y CIA S.A,No,Sí
MICROVASCULAR CENTER S.A.C.,No,Sí
MINERA PEÑOLES DE PERU S A,No,Sí
MINISTERIO DE EDUCACION,No,Sí
MIXMADE COMUNICACIONES SAC,No,Sí
MM CONSULTORES,Sí,Sí
MO BISTRO S.A.C,No,Sí
MONTT ASSOCIATES S.A,No,Sí
MOVIX PERU SAC,No,Sí
MULTIALMASENES DEL PERU SAC,No,Sí
MUNICIPALIDAD DISTRITAL JORGE CHAVEZ,No,Sí
NATGEN S.A.C.,No,Sí
NAVAMA SAC,No,Sí
NBN COPIERS S.A.C.,No,Sí
NEGOCIACION DOBLE CAM S.A.C.,No,Sí
NEUROSOFT PERU S.A.C,No,Sí
NEWREST PERU S A C,No,Sí
NILSER FERNANDEZ GALVEZ,No,Sí
NIPPON KOEI LATIN AMERICA CARIBBEAN CO LTD SUCURSA,No,Sí
NIPPON SUISAN AMERICA LATINA PERU S A,No,Sí
NL PERU SAC,No,Sí
NOBLEKA S A C,No,Sí
NOGAL S A,No,Sí
NORTHING S.A.C,No,Sí
NUTRIENTES NATURALES S.A.C,No,Sí
NUTRIFOODS PERU SAC,No,Sí
ODONTOFRESHE.I.R.L,No,Sí
OFFICE PAPER PERU S.A.C.,No,Sí
OFICINA NACIONAL DE PROCESOS ELECTORALES,No,Sí
OFICINA TOTAL S.A,No,Sí
OL SERVICIOS GENERALES S.R.L,No,Sí
OXFORD S.A. SUCURSAL PERU,No,Sí
PAMS PARA EL PERU,No,Sí
PANES FOODS SAC,No,Sí
PARTIDO POLITICO CONTIGO,No,Sí
PARTIDO POLITICO PERUANOS POR EL KAMBIO,No,Sí
PAZOS LOPEZ DE ROMAÑA RODRIGUEZ S CIVIL DE R.L.,No,Sí
PEDRO PABLO KUCZYNSKI GODARD,No,Sí
PEREZ EGOAVIL JESSICA,No,Sí
PERU MAS SOCIEDAD ANONIMA,No,Sí
PERUVIAN ENGINNERING GRUP SAC,No,Sí
PERÚ OFFSET DIGITAL S.A.C.,No,Sí
PHARMAXION S.A.C,No,Sí
"PHILIPPI,PRIETOCARRIZOSA,FERRERO DU",No,Sí
PICSUR S.R.L,No,Sí
PLR ASESORES DE NEGOCIOS S.A,No,Sí
PLUS ADUANAS S.A.C.,No,Sí
POLLOS MAYO SAC,No,Sí
PORTALAMPARAS S.A.C.,No,Sí
PROFECIONALES AL SERVICIO DE AMERICA ASOCIACION,No,Sí
PROM PERU,No,Sí
PROVEEDORA DE PAPELES ANDINA S.A.C.,No,Sí
PROYCON CONTRATISTAS SAC,No,Sí
PROYECTOS LA PATAGONIA S A C,No,Sí
PUPOART E.I.R.L,No,Sí
QUATRO TINTAS SAC,No,Sí
QUIMIGRAF PERU SAC,No,Sí
R& R ARTES GRAFICAS S.A.C.,No,Sí
R&FPUBLICACIONES; Y SERVICIOS SAC,No,Sí
R.CH PRODUCTOS GRAFICOS S.A.C,No,Sí
RAN DESARROLOS INMOBILIARIOS S.A.C,No,Sí
REBACARD TRES SAC,No,Sí
RECREATIVOS E INVERSIONES STEFANO S.A.C,No,Sí
REPRESENTACIONES Y SERVICIOS PARA INDUSTRIA GRAFICA S A C,No,Sí
REQUINOR E.I.R.L,No,Sí
RESERINGRAF PERU SAC,No,Sí
RESPIRA SAC,No,Sí
REYES NIETO ABOGADOS S A C,No,Sí
RODOLFO SANTOS CASTRO,No,Sí
RTZ CONTRATISTAS GENERALES S.A.C.,No,Sí
RUIZ VARILLAS AUSBERTO,No,Sí
S C MEDICAL S.A.C.,No,Sí
SALUS LABORIS S A C,No,Sí
SANOFI AVENTIS DEL PERU SA,No,Sí
SAVIA PERU S.A,No,Sí
SC AGRO TRADING EIRL,No,Sí
SEAWOIFT TRANSPORT SERVICES SAC,No,Sí
SEC YURAC GROUP E.I.R.L,No,Sí
SECURITAS S.A.C.,No,Sí
SERVICIOS CREATIVOS PUBLICITARIOS ROAL SAC,No,Sí
SERVICIOS DIGITALES LA ESMERALDA EIRL,No,Sí
SERVICIOS GENERALES CONSTRUCCION ACONDICIONAMIENTOS E.I.R.L,No,Sí
SERVICIOS GENERALES MINERIA INDUSTRIA Y CONSTRUCCION E.I.R.L.,No,Sí
SERVICIOS LOGISTICOS Y DISTRIBUCION RUNNING BOX S,No,Sí
SERVILLANTAS E INVERSIONES SAN JUAN S A,No,Sí
SERVIMAX Y EQUIPOS S.A.C,No,Sí
SERVISECURITAS S.A.C,No,Sí
SEYMA S.A.C.,No,Sí
SISTEMAS ECOENERGETICOS DEL PERU S.A.C,No,Sí
SOCIEDAD GRAFICA DEL PERU S.A.C.,No,Sí
SOLFARMA S.A.C,No,Sí
SOROBAN AUDIOVISUAL S.A.C,No,Sí
SOROBAN S .A,No,Sí
SPEED INSTALL SAC,No,Sí
STANDAR S.R.L.,No,Sí
SUMI HOSPITALITY SAC,No,Sí
SUMINISTROS HIDRAULICOS S.A.C,No,Sí
SURGICORP S.R.L,No,Sí
T-VEN S.A.C.,No,Sí
T.S IMPRESIONES S.A.C.,No,Sí
TAIMAKO SERVICIOS GENERALES E.I.R.L.,No,Sí
TEATRO LIBRE PRODUCCIONES SAC,No,Sí
TECH HANDS S.R L,No,Sí
TECNICOS DE SUBESTACION ELECTRICA DE TRANSMISION CONTRATISTAS S.A.C,No,Sí
TECNIND LATINA S R L,No,Sí
TELECOMMUNICATION ENGINEERING&CONSUL; SERVICES SAC,Sí,Sí
TESITEL S.A.C.,No,Sí
TEXTILES VALENTINA PERU E.I.R.L.,No,Sí
THE KOREA PRESBYTERIAN MISSION IN PERU,No,Sí
TIL PERU S R L,No,Sí
TISMART PERU SAC,No,Sí
TOSCANOS MOVING S.A.C.,No,Sí
TOTAL TIM WE PERU S.A.C.,No,Sí
TRANS GALSEM E I R L,No,Sí
TRANSOCEANICA CORPORATION S.A,No,Sí
TRANSTERRA SAC,No,Sí
TUMIMED REPRESENTACIONES SAC,No,Sí
TURO SA,No,Sí
ULTRATEC REPRESENTACIONES S.A.C,No,Sí
UNITED NETWORKERS TEAM PERU S A C,No,Sí
UNIVERSIDAD PERUANA SIMON BOLIVAR SAC,No,Sí
UNIVERSIDAD PRIVADA NORBERT WIENER S A,No,Sí
V CAPITAL S.A.,No,Sí
VANITY CORPORATION E.I.R.L,No,Sí
VASTEC S A,No,Sí
VDG DEL PERU S.A.C.,No,Sí
VEPAMIL S.A,No,Sí
VIRTUAL PACIFICO SAC,No,Sí
VISION S A,No,Sí
WAYRA DISTRIBUTION S.A,No,Sí
WAYRA SERVICIOS SAC,No,Sí
WG SOLUCIONES INTEGRALES PARA SU EMPRESA S A C,No,Sí
WHODP COMUNICACION VISUAL S.A.C,No,Sí
WILLIAM GUILLEN AGURTO,No,Sí
X DIEZ INGENIEROS S.A.C.,No,Sí
XPONE S R L,No,Sí
YOBEL S C M LOGISTICS S A,No,Sí
YOBEL SCM CARGO SAC,No,Sí